<ImportExportXml version="9.1.0.1118" SolutionPackageVersion="9.1" languagecode="1049" generatedBy="CrmLive" xmlns:xsi="http://www.w3.org/2001/XMLSchema-instance">
  <SolutionManifest>
    <UniqueName>testsolution</UniqueName>
    <LocalizedNames>
      <LocalizedName description="test solution" languagecode="1049" />
    </LocalizedNames>
    <Descriptions />
    <Version>1.0</Version>
    <Managed>0</Managed>
    <Publisher>
      <UniqueName>Crbeea8</UniqueName>
      <LocalizedNames>
        <LocalizedName description="CDS Default Publisher" languagecode="1049" />
      </LocalizedNames>
      <Descriptions />
      <EMailAddress xsi:nil="true"></EMailAddress>
      <SupportingWebsiteUrl xsi:nil="true"></SupportingWebsiteUrl>
      <CustomizationPrefix>crf24</CustomizationPrefix>
      <CustomizationOptionValuePrefix>61833</CustomizationOptionValuePrefix>
      <Addresses>
        <Address>
          <AddressNumber>1</AddressNumber>
          <AddressTypeCode xsi:nil="true"></AddressTypeCode>
          <City xsi:nil="true"></City>
          <County xsi:nil="true"></County>
          <Country xsi:nil="true"></Country>
          <Fax xsi:nil="true"></Fax>
          <FreightTermsCode xsi:nil="true"></FreightTermsCode>
          <ImportSequenceNumber xsi:nil="true"></ImportSequenceNumber>
          <Latitude xsi:nil="true"></Latitude>
          <Line1 xsi:nil="true"></Line1>
          <Line2 xsi:nil="true"></Line2>
          <Line3 xsi:nil="true"></Line3>
          <Longitude xsi:nil="true"></Longitude>
          <Name xsi:nil="true"></Name>
          <PostalCode xsi:nil="true"></PostalCode>
          <PostOfficeBox xsi:nil="true"></PostOfficeBox>
          <PrimaryContactName xsi:nil="true"></PrimaryContactName>
          <ShippingMethodCode xsi:nil="true"></ShippingMethodCode>
          <StateOrProvince xsi:nil="true"></StateOrProvince>
          <Telephone1 xsi:nil="true"></Telephone1>
          <Telephone2 xsi:nil="true"></Telephone2>
          <Telephone3 xsi:nil="true"></Telephone3>
          <TimeZoneRuleVersionNumber xsi:nil="true"></TimeZoneRuleVersionNumber>
          <UPSZone xsi:nil="true"></UPSZone>
          <UTCOffset xsi:nil="true"></UTCOffset>
          <UTCConversionTimeZoneCode xsi:nil="true"></UTCConversionTimeZoneCode>
        </Address>
        <Address>
          <AddressNumber>2</AddressNumber>
          <AddressTypeCode xsi:nil="true"></AddressTypeCode>
          <City xsi:nil="true"></City>
          <County xsi:nil="true"></County>
          <Country xsi:nil="true"></Country>
          <Fax xsi:nil="true"></Fax>
          <FreightTermsCode xsi:nil="true"></FreightTermsCode>
          <ImportSequenceNumber xsi:nil="true"></ImportSequenceNumber>
          <Latitude xsi:nil="true"></Latitude>
          <Line1 xsi:nil="true"></Line1>
          <Line2 xsi:nil="true"></Line2>
          <Line3 xsi:nil="true"></Line3>
          <Longitude xsi:nil="true"></Longitude>
          <Name xsi:nil="true"></Name>
          <PostalCode xsi:nil="true"></PostalCode>
          <PostOfficeBox xsi:nil="true"></PostOfficeBox>
          <PrimaryContactName xsi:nil="true"></PrimaryContactName>
          <ShippingMethodCode xsi:nil="true"></ShippingMethodCode>
          <StateOrProvince xsi:nil="true"></StateOrProvince>
          <Telephone1 xsi:nil="true"></Telephone1>
          <Telephone2 xsi:nil="true"></Telephone2>
          <Telephone3 xsi:nil="true"></Telephone3>
          <TimeZoneRuleVersionNumber xsi:nil="true"></TimeZoneRuleVersionNumber>
          <UPSZone xsi:nil="true"></UPSZone>
          <UTCOffset xsi:nil="true"></UTCOffset>
          <UTCConversionTimeZoneCode xsi:nil="true"></UTCConversionTimeZoneCode>
        </Address>
      </Addresses>
    </Publisher>
    <RootComponents>
      <RootComponent type="1" schemaName="contact" behavior="0" />
      <RootComponent type="1" schemaName="email" behavior="1" />
      <RootComponent type="1" schemaName="systemuser" behavior="0" />
      <RootComponent type="29" id="{7270d1be-de3a-483a-b677-eb97887c59b4}" behavior="0" />
      <RootComponent type="29" id="{7a966914-a305-4395-815f-38148e0f980c}" behavior="0" />
      <RootComponent type="29" id="{f5b45331-92d5-4b66-b954-37c9d2f57a7b}" behavior="0" />
      <RootComponent type="60" id="{70ad8b15-e3f3-4d7d-9e4b-16cb4e51b484}" behavior="0" />
      <RootComponent type="60" id="{c2cd9e55-d4b4-4b55-9951-16ead79643e5}" behavior="0" />
      <RootComponent type="61" schemaName="crf24_sendemail" behavior="0" />
      <RootComponent type="91" id="{901544fc-3fe6-4cab-8dcc-a7c54251b2eb}" schemaName="TComTech.Workflows, Version=1.0.0.0, Culture=neutral, PublicKeyToken=d7e92cd753493411" behavior="0" />
    </RootComponents>
    <MissingDependencies>
      <MissingDependency>
        <Required key="0" type="1" schemaName="msdyn_wallsavedqueryusersettings" displayName="Фильтр" solution="ActivityFeedsCore (9.0.0.0)" />
        <Dependent key="1" type="1" schemaName="systemuser" displayName="Пользователь" />
      </MissingDependency>
      <MissingDependency>
        <Required key="2" type="1" schemaName="incident" displayName="Обращение" solution="msdynce_Service (9.0.5.56)" />
        <Dependent key="3" type="60" displayName="Contact" parentDisplayName="Контакт" id="{1fed44d1-ae68-4a41-bd2b-f13acac4acfa}" />
      </MissingDependency>
      <MissingDependency>
        <Required key="4" type="1" schemaName="opportunity" displayName="Возможная сделка" solution="msdynce_Sales (9.0.4.0076)" />
        <Dependent key="3" type="60" displayName="Contact" parentDisplayName="Контакт" id="{1fed44d1-ae68-4a41-bd2b-f13acac4acfa}" />
      </MissingDependency>
      <MissingDependency>
        <Required key="5" type="1" schemaName="entitlement" displayName="Объем обслуживания" solution="msdynce_Service (9.0.5.56)" />
        <Dependent key="3" type="60" displayName="Contact" parentDisplayName="Контакт" id="{1fed44d1-ae68-4a41-bd2b-f13acac4acfa}" />
      </MissingDependency>
      <MissingDependency>
        <Required key="6" type="2" schemaName="preferredserviceid" displayName="Основной сервис" parentSchemaName="contact" parentDisplayName="Контакт" solution="msdynce_Service (9.0.5.56)" />
        <Dependent key="7" type="60" displayName="Сведения" parentDisplayName="Контакт" id="{894cc46a-b0cb-4ab0-8bf6-200544e46a2d}" />
      </MissingDependency>
      <MissingDependency>
        <Required key="8" type="2" schemaName="defaultpricelevelid" displayName="Прайс-лист" parentSchemaName="contact" parentDisplayName="Контакт" solution="msdynce_ProductManagement (9.0.4.0066)" />
        <Dependent key="7" type="60" displayName="Сведения" parentDisplayName="Контакт" id="{894cc46a-b0cb-4ab0-8bf6-200544e46a2d}" />
      </MissingDependency>
      <MissingDependency>
        <Required key="9" type="2" schemaName="preferredequipmentid" displayName="Основное помещение/оборудование" parentSchemaName="contact" parentDisplayName="Контакт" solution="msdynce_Service (9.0.5.56)" />
        <Dependent key="7" type="60" displayName="Сведения" parentDisplayName="Контакт" id="{894cc46a-b0cb-4ab0-8bf6-200544e46a2d}" />
      </MissingDependency>
      <MissingDependency>
        <Required key="10" type="2" schemaName="territoryid" displayName="Территория" parentSchemaName="systemuser" parentDisplayName="Пользователь" solution="msdynce_AppCommon (9.0.4.0066)" />
        <Dependent key="11" type="60" displayName="Сведения" parentDisplayName="Пользователь" id="{c0d7d7dd-afd0-4675-85fe-1cc5a48be6df}" />
      </MissingDependency>
      <MissingDependency>
        <Required key="10" type="2" schemaName="territoryid" displayName="Территория" parentSchemaName="systemuser" parentDisplayName="Пользователь" solution="msdynce_AppCommon (9.0.4.0066)" />
        <Dependent key="12" type="60" displayName="Пользователь" parentDisplayName="Пользователь" id="{c2cd9e55-d4b4-4b55-9951-16ead79643e5}" />
      </MissingDependency>
      <MissingDependency>
        <Required key="13" type="2" schemaName="siteid" displayName="Место" parentSchemaName="systemuser" parentDisplayName="Пользователь" solution="msdynce_Service (9.0.5.56)" />
        <Dependent key="12" type="60" displayName="Пользователь" parentDisplayName="Пользователь" id="{c2cd9e55-d4b4-4b55-9951-16ead79643e5}" />
      </MissingDependency>
      <MissingDependency>
        <Required key="13" type="2" schemaName="siteid" displayName="Место" parentSchemaName="systemuser" parentDisplayName="Пользователь" solution="msdynce_Service (9.0.5.56)" />
        <Dependent key="11" type="60" displayName="Сведения" parentDisplayName="Пользователь" id="{c0d7d7dd-afd0-4675-85fe-1cc5a48be6df}" />
      </MissingDependency>
      <MissingDependency>
        <Required key="14" type="2" schemaName="originatingleadid" displayName="Источник интереса" parentSchemaName="contact" parentDisplayName="Контакт" solution="msdynce_LeadManagement (9.0.4.0066)" />
        <Dependent key="15" type="60" displayName="Контакт для интерактивного взаимодействия" parentDisplayName="Контакт" id="{cc760212-3eab-4009-b5c3-ea9cf6f3e141}" />
      </MissingDependency>
      <MissingDependency>
        <Required key="14" type="2" schemaName="originatingleadid" displayName="Источник интереса" parentSchemaName="contact" parentDisplayName="Контакт" solution="msdynce_LeadManagement (9.0.4.0066)" />
        <Dependent key="7" type="60" displayName="Сведения" parentDisplayName="Контакт" id="{894cc46a-b0cb-4ab0-8bf6-200544e46a2d}" />
      </MissingDependency>
      <MissingDependency>
        <Required key="14" type="2" schemaName="originatingleadid" displayName="Источник интереса" parentSchemaName="contact" parentDisplayName="Контакт" solution="msdynce_LeadManagement (9.0.4.0066)" />
        <Dependent key="3" type="60" displayName="Contact" parentDisplayName="Контакт" id="{1fed44d1-ae68-4a41-bd2b-f13acac4acfa}" />
      </MissingDependency>
      <MissingDependency>
        <Required key="16" type="26" schemaName="Активные сервисы" displayName="Активные сервисы" parentSchemaName="service" parentDisplayName="Сервис" solution="msdynce_Service (9.0.5.56)" id="{2bd4de5e-a7b4-4f5d-8fde-eb3b62d8e2b2}" />
        <Dependent key="7" type="60" displayName="Сведения" parentDisplayName="Контакт" id="{894cc46a-b0cb-4ab0-8bf6-200544e46a2d}" />
      </MissingDependency>
      <MissingDependency>
        <Required key="17" type="26" schemaName="Все контакты" displayName="Все контакты" parentSchemaName="contact" parentDisplayName="Контакт" solution="msdynce_AppCommon (9.0.4.0066)" id="{0d5d377b-5e7c-47b5-bab1-a5cb8b4ac105}" />
        <Dependent key="18" type="60" displayName="Панель мониторинга контактов" parentDisplayName="Контакт" id="{70ad8b15-e3f3-4d7d-9e4b-16cb4e51b484}" />
      </MissingDependency>
      <MissingDependency>
        <Required key="19" type="26" schemaName="Последние возможные сделки" displayName="Последние возможные сделки" parentSchemaName="opportunity" parentDisplayName="Возможная сделка" solution="msdynce_Sales (9.0.4.0076)" id="{9c3f7ee8-eca7-e211-9fb6-00155dd0ea05}" />
        <Dependent key="3" type="60" displayName="Contact" parentDisplayName="Контакт" id="{1fed44d1-ae68-4a41-bd2b-f13acac4acfa}" />
      </MissingDependency>
      <MissingDependency>
        <Required key="20" type="26" schemaName="Все объемы обслуживания" displayName="Все объемы обслуживания" parentSchemaName="entitlement" parentDisplayName="Объем обслуживания" solution="msdynce_Service (9.0.5.56)" id="{aa69e7e2-913a-4a5a-8609-8ca443554909}" />
        <Dependent key="3" type="60" displayName="Contact" parentDisplayName="Контакт" id="{1fed44d1-ae68-4a41-bd2b-f13acac4acfa}" />
      </MissingDependency>
      <MissingDependency>
        <Required key="21" type="26" schemaName="Мои открытые возможные сделки" displayName="Мои открытые возможные сделки" parentSchemaName="opportunity" parentDisplayName="Возможная сделка" solution="msdynce_Sales (9.0.4.0076)" id="{00000000-0000-0000-00aa-000010003000}" />
        <Dependent key="3" type="60" displayName="Contact" parentDisplayName="Контакт" id="{1fed44d1-ae68-4a41-bd2b-f13acac4acfa}" />
      </MissingDependency>
      <MissingDependency>
        <Required key="22" type="26" schemaName="Мои активные обращения" displayName="Мои активные обращения" parentSchemaName="incident" parentDisplayName="Обращение" solution="msdynce_Service (9.0.5.56)" id="{00000000-0000-0000-00aa-000010001028}" />
        <Dependent key="3" type="60" displayName="Contact" parentDisplayName="Контакт" id="{1fed44d1-ae68-4a41-bd2b-f13acac4acfa}" />
      </MissingDependency>
      <MissingDependency>
        <Required key="23" type="26" schemaName="Последние обращения" displayName="Последние обращения" parentSchemaName="incident" parentDisplayName="Обращение" solution="msdynce_Service (9.0.5.56)" id="{ebd1d24a-eea7-e211-9fb6-00155dd0ea05}" />
        <Dependent key="3" type="60" displayName="Contact" parentDisplayName="Контакт" id="{1fed44d1-ae68-4a41-bd2b-f13acac4acfa}" />
      </MissingDependency>
      <MissingDependency>
        <Required key="24" type="59" schemaName="Набор обращений (по бизнес-единице)" displayName="Набор обращений (по бизнес-единице)" parentSchemaName="incident" parentDisplayName="Обращение" solution="msdynce_Service (9.0.5.56)" id="{f10375a6-4893-de11-97d4-00155da3b01e}" />
        <Dependent key="3" type="60" displayName="Contact" parentDisplayName="Контакт" id="{1fed44d1-ae68-4a41-bd2b-f13acac4acfa}" />
      </MissingDependency>
      <MissingDependency>
        <Required key="25" type="59" schemaName="Истечение срока действий объема обслуживания" displayName="Истечение срока действий объема обслуживания" parentSchemaName="entitlement" parentDisplayName="Объем обслуживания" solution="msdynce_Service (9.0.5.56)" id="{fdb919bb-c6fc-4fc8-8fa5-67ace68e41d1}" />
        <Dependent key="3" type="60" displayName="Contact" parentDisplayName="Контакт" id="{1fed44d1-ae68-4a41-bd2b-f13acac4acfa}" />
      </MissingDependency>
      <MissingDependency>
        <Required key="26" type="59" schemaName="Главные клиенты" displayName="Главные клиенты" parentSchemaName="opportunity" parentDisplayName="Возможная сделка" solution="msdynce_Sales (9.0.4.0076)" id="{8bc5fb18-48f2-4782-9e16-3d452fa4ddce}" />
        <Dependent key="3" type="60" displayName="Contact" parentDisplayName="Контакт" id="{1fed44d1-ae68-4a41-bd2b-f13acac4acfa}" />
      </MissingDependency>
      <MissingDependency>
        <Required key="27" type="59" schemaName="Сообщения электронной почты по месяцу, в котором истекает их срок" displayName="Сообщения электронной почты по месяцу, в котором истекает их срок" parentSchemaName="email" parentDisplayName="Электронная почта" solution="msdynce_AppCommon (9.0.4.0066)" id="{1ec1872a-23de-4294-9d7f-1b76272a5fd5}" />
        <Dependent key="12" type="60" displayName="Пользователь" parentDisplayName="Пользователь" id="{c2cd9e55-d4b4-4b55-9951-16ead79643e5}" />
      </MissingDependency>
      <MissingDependency>
        <Required key="28" type="60" displayName="карточка контакта организации" parentDisplayName="Контакт" solution="msdynce_AppCommon (9.0.4.0066)" id="{29de27bc-a257-4f29-99cf-bab4a84e688f}" />
        <Dependent key="3" type="60" displayName="Contact" parentDisplayName="Контакт" id="{1fed44d1-ae68-4a41-bd2b-f13acac4acfa}" />
      </MissingDependency>
      <MissingDependency>
        <Required key="29" type="60" displayName="карточка контакта" parentDisplayName="Контакт" solution="msdynce_AppCommon (9.0.4.0066)" id="{707fc57b-c5e6-471b-a180-e37ed28a38e2}" />
        <Dependent key="15" type="60" displayName="Контакт для интерактивного взаимодействия" parentDisplayName="Контакт" id="{cc760212-3eab-4009-b5c3-ea9cf6f3e141}" />
      </MissingDependency>
      <MissingDependency>
        <Required key="15" type="60" displayName="Контакт для интерактивного взаимодействия" parentDisplayName="Контакт" solution="msdynce_LeadManagement (9.0.4.0066)" id="{cc760212-3eab-4009-b5c3-ea9cf6f3e141}" />
        <Dependent key="15" type="60" displayName="Контакт для интерактивного взаимодействия" parentDisplayName="Контакт" id="{cc760212-3eab-4009-b5c3-ea9cf6f3e141}" />
      </MissingDependency>
      <MissingDependency>
        <Required key="18" type="60" displayName="Панель мониторинга контактов" parentDisplayName="Контакт" solution="msdynce_Service (9.0.5.56)" id="{70ad8b15-e3f3-4d7d-9e4b-16cb4e51b484}" />
        <Dependent key="18" type="60" displayName="Панель мониторинга контактов" parentDisplayName="Контакт" id="{70ad8b15-e3f3-4d7d-9e4b-16cb4e51b484}" />
      </MissingDependency>
      <MissingDependency>
        <Required key="7" type="60" displayName="Сведения" parentDisplayName="Контакт" solution="msdynce_AppCommon (9.0.4.0066)" id="{894cc46a-b0cb-4ab0-8bf6-200544e46a2d}" />
        <Dependent key="7" type="60" displayName="Сведения" parentDisplayName="Контакт" id="{894cc46a-b0cb-4ab0-8bf6-200544e46a2d}" />
      </MissingDependency>
      <MissingDependency>
        <Required key="3" type="60" displayName="Contact" parentDisplayName="Контакт" solution="msdynce_AppCommon (9.0.4.0066)" id="{1fed44d1-ae68-4a41-bd2b-f13acac4acfa}" />
        <Dependent key="3" type="60" displayName="Contact" parentDisplayName="Контакт" id="{1fed44d1-ae68-4a41-bd2b-f13acac4acfa}" />
      </MissingDependency>
      <MissingDependency>
        <Required key="30" type="66" schemaName="MscrmControls.TalkingPointsControl.TalkingPoints" displayName="MscrmControls.TalkingPointsControl.TalkingPoints" solution="msdynce_Talkingpoints (9.0.1.70244)" />
        <Dependent key="3" type="60" displayName="Contact" parentDisplayName="Контакт" id="{1fed44d1-ae68-4a41-bd2b-f13acac4acfa}" />
      </MissingDependency>
      <MissingDependency>
        <Required key="31" type="66" schemaName="MscrmControls.CardFeedContainer.CardFeedContainer" displayName="MscrmControls.CardFeedContainer.CardFeedContainer" solution="CustomControlsCore (9.1.0000.1118)" />
        <Dependent key="3" type="60" displayName="Contact" parentDisplayName="Контакт" id="{1fed44d1-ae68-4a41-bd2b-f13acac4acfa}" />
      </MissingDependency>
      <MissingDependency>
        <Required key="32" type="61" schemaName="msdyn_/ActivityFeeds.Form.js" displayName="msdyn_/ActivityFeeds.Form.js" solution="ActivityFeedsCore (9.0.0.0)" />
        <Dependent key="7" type="60" displayName="Сведения" parentDisplayName="Контакт" id="{894cc46a-b0cb-4ab0-8bf6-200544e46a2d}" />
      </MissingDependency>
      <MissingDependency>
        <Required key="33" type="61" schemaName="msdyn_/RecordWall.htm" displayName="msdyn_/RecordWall.htm" solution="ActivityFeedsCore (9.0.0.0)" />
        <Dependent key="7" type="60" displayName="Сведения" parentDisplayName="Контакт" id="{894cc46a-b0cb-4ab0-8bf6-200544e46a2d}" />
      </MissingDependency>
      <MissingDependency>
        <Required key="34" type="61" schemaName="AppCommon/Contact/Contact_main_system_library.js" displayName="AppCommon/Contact/Contact_main_system_library.js" solution="msdynce_AppCommon (9.0.4.0066)" />
        <Dependent key="7" type="60" displayName="Сведения" parentDisplayName="Контакт" id="{894cc46a-b0cb-4ab0-8bf6-200544e46a2d}" />
      </MissingDependency>
      <MissingDependency>
        <Required key="35" type="61" schemaName="msdyn_talkingpointsloader.js" displayName="msdyn_talkingpointsloader.js" solution="msdynce_Talkingpoints (9.0.1.70244)" />
        <Dependent key="3" type="60" displayName="Contact" parentDisplayName="Контакт" id="{1fed44d1-ae68-4a41-bd2b-f13acac4acfa}" />
      </MissingDependency>
      <MissingDependency>
        <Required key="32" type="61" schemaName="msdyn_/ActivityFeeds.Form.js" displayName="msdyn_/ActivityFeeds.Form.js" solution="ActivityFeedsCore (9.0.0.0)" />
        <Dependent key="11" type="60" displayName="Сведения" parentDisplayName="Пользователь" id="{c0d7d7dd-afd0-4675-85fe-1cc5a48be6df}" />
      </MissingDependency>
      <MissingDependency>
        <Required key="33" type="61" schemaName="msdyn_/RecordWall.htm" displayName="msdyn_/RecordWall.htm" solution="ActivityFeedsCore (9.0.0.0)" />
        <Dependent key="11" type="60" displayName="Сведения" parentDisplayName="Пользователь" id="{c0d7d7dd-afd0-4675-85fe-1cc5a48be6df}" />
      </MissingDependency>
      <MissingDependency>
        <Required key="34" type="61" schemaName="AppCommon/Contact/Contact_main_system_library.js" displayName="AppCommon/Contact/Contact_main_system_library.js" solution="msdynce_AppCommon (9.0.4.0066)" />
        <Dependent key="3" type="60" displayName="Contact" parentDisplayName="Контакт" id="{1fed44d1-ae68-4a41-bd2b-f13acac4acfa}" />
      </MissingDependency>
    </MissingDependencies>
  </SolutionManifest>
</ImportExportXml>